,pred
0,60212.77
1,4579.6
2,12273.84
3,6300.85
4,4733.69
5,2161.56
6,55525.1
7,6132.16
8,53712.71
9,2757.26
10,6158.7
11,63296.97
12,7866.22
13,51744.89
14,4691.39
15,5281.47
16,5788.36
17,2728.15
18,7467.26
19,50424.26
20,71037.34
21,2618.1
22,61969.07
23,5101.24
24,6942.33
25,10353.96
26,65250.82
27,7205.26
28,10859.94
29,46321.45
30,5589.96
31,11993.85
32,30335.08
33,4228.77
34,4424.2
35,4683.29
36,47384.15
37,2322.09
38,10022.12
39,44063.21
40,5121.01
41,6548.47
42,5415.76
43,4974.15
44,4686.91
45,10484.76
46,4003.21
47,4208.28
48,58874.69
49,3956.26
50,13059.02
51,70523.58
52,55390.74
53,7391.76
54,5346.13
55,5402.48
56,6596.5
57,51331.81
58,7848.74
59,50475.03
60,2696.37
61,5796.3
62,29170.5
63,3135.85
64,51484.91
65,4982.48
66,64296.24
67,12179.48
68,50700.75
69,5097.02
70,9825.3
71,11215.01
72,2130.07
73,57349.16
74,4888.52
75,3702.23
76,2255.54
77,8009.22
78,50505.29
79,6811.42
80,3014.45
81,3718.59
82,9233.52
83,5745.5
84,12127.9
85,7493.11
86,7893.72
87,5759.16
88,5913.5
89,11132.82
90,49179.39
91,5418.31
92,2973.72
93,6609.45
94,69276.76
95,50815.08
96,4416.77
97,10347.13
98,48611.24
99,44909.01
100,3706.93
101,5188.88
102,3272.11
103,6786.74
104,3930.32
105,16478.66
106,57401.65
107,9689.03
108,4187.41
109,10884.98
110,6101.28
111,15487.01
112,31235.68
113,7708.52
114,6399.79
115,12767.78
116,6238.46
117,74806.63
118,12389.02
119,54235.5
120,16539.28
121,51706.02
122,48914.03
123,4894.19
124,4561.37
125,7473.87
126,9897.23
127,54240.84
128,4313.96
129,5431.06
130,59123.88
131,9476.31
132,6857.56
133,6224.88
134,3289.93
135,12142.72
136,6778.53
137,6841.49
138,5463.67
139,6139.33
140,18807.74
141,5936.39
142,7092.86
143,8750.27
144,6482.03
145,51908.43
146,5774.89
147,10966.37
148,10163.44
149,37361.88
150,6385.9
151,6620.86
152,2443.79
153,8972.17
154,49600.07
155,4855.09
156,3273.54
157,3389.92
158,7327.48
159,7416.58
160,59277.19
161,2851.15
162,50268.52
163,13568.02
164,3300.64
165,4213.24
166,6165.01
167,2174.97
168,10083.85
169,2341.89
170,2797.81
171,9889.74
172,6152.65
173,13256.14
174,4060.25
175,41722.82
176,1678.11
177,9163.43
178,53661.51
179,9727.85
180,3792.08
181,4496.46
182,6668.48
183,2502.95
184,50982.73
185,4415.85
186,56256.83
187,8860.47
188,2742.42
189,6466.22
190,6159.77
191,3239.84
192,21470.72
193,5765.03
194,4312.1
195,13150.03
196,9010.04
197,50037.43
198,4834.85
199,8612.83
200,3121.57
201,5964.07
202,12859.13
203,46129.65
204,4437.25
205,7961.2
206,49391.13
207,5571.83
208,12063.54
209,56761.95
210,4668.73
211,53341.96
212,49995.37
213,4589.81
214,5266.45
215,3293.23
216,8925.62
217,64085.66
218,3806.86
219,3820.6
220,43030.14
221,56606.56
222,9392.05
223,41379.67
224,62519.54
225,10929.74
226,52884.97
227,2890.04
228,5817.65
229,64844.3
230,68322.1
231,44844.56
232,9501.99
233,8387.91
234,69147.48
235,26426.06
236,92441.58
237,52941.26
238,46919.27
239,3897.75
240,1795.24
241,60703.09
242,17083.56
243,5346.36
244,6039.72
245,8242.77
246,5583.16
247,2455.03
248,10595.71
249,2998.41
250,9640.53
251,4192.66
252,5319.55
253,3919.09
254,6462.46
255,11187.45
256,48932.7
257,6454.61
258,1487.17
259,65899.2
260,13220.53
261,57112.95
262,48388.6
263,5597.4
264,6057.53
265,71044.63
266,5922.61
267,61733.85
268,3789.35
269,7123.35
270,5749.2
271,5830.4
272,3160.81
273,18757.11
274,16160.77
275,60634.4
276,2465.25
277,6498.85
278,5961.49
279,7547.89
280,7626.42
281,77824.4
282,6504.23
283,5291.41
284,7682.77
285,5488.55
286,18609.06
287,14460.22
288,43484.63
289,6933.94
290,46383.59
291,7904.39
292,13608.87
293,9075.0
294,6336.18
295,46548.3
296,43440.3
297,11633.16
298,1955.28
299,4831.82
300,55750.9
301,7864.54
302,6919.98
303,54258.76
304,5716.14
305,47327.4
306,4498.84
307,12787.5
308,13293.18
309,5281.58
310,54256.81
311,6632.15
312,2866.08
313,2878.76
314,56641.78
315,5236.03
316,32982.52
317,56730.67
318,42141.19
319,4734.43
320,13176.25
321,7809.23
322,2418.41
323,53702.25
324,56253.2
325,7400.27
326,5759.12
327,5138.62
328,12311.7
329,7085.24
330,6050.88
331,9343.68
332,59736.52
333,44689.7
334,7237.14
335,19180.78
336,62484.78
337,6916.14
338,5173.75
339,13062.11
340,7134.02
341,4700.74
342,13887.88
343,68870.02
344,4880.58
345,2523.36
346,6766.06
347,5773.22
348,10722.62
349,12138.64
350,17407.23
351,32011.8
352,48937.87
353,7133.64
354,51149.14
355,6129.67
356,10053.28
357,3959.99
358,6626.46
359,44785.97
360,46110.54
361,4678.62
362,3661.82
363,12110.43
364,9137.68
365,8718.47
366,3594.79
367,4194.84
368,63144.94
369,6644.28
370,3728.14
371,3115.99
372,55573.95
373,2399.21
374,4918.9
375,7549.59
376,13003.94
377,2831.8
378,13268.41
379,7590.37
380,12157.7
381,44963.17
382,3855.53
383,7287.43
384,5468.5
385,58249.81
386,5081.04
387,4396.47
388,57206.21
389,12723.83
390,4768.05
391,7124.0
392,17243.63
393,6326.24
394,6143.08
395,8717.93
396,17356.36
397,2907.82
398,6852.42
399,4785.53
400,5614.05
401,8610.68
402,3121.72
403,2448.08
404,12424.0
405,46977.52
406,4225.61
407,56572.41
408,4162.71
409,4879.09
410,5304.27
411,12985.85
412,85892.26
413,3915.63
414,67826.51
415,5910.62
416,13449.38
417,51237.9
418,4472.28
419,10943.08
420,49749.33
421,2212.13
422,46995.79
423,4668.96
424,10445.04
425,6282.18
426,3389.09
427,1559.08
428,7579.92
429,24781.6
430,6062.45
431,13608.59
432,3690.23
433,5435.97
434,1933.86
435,4315.8
436,5584.6
437,52348.44
438,4695.89
439,7135.97
440,61246.33
441,32697.99
442,61957.6
443,61249.94
444,60000.21
445,5120.6
446,5631.43
447,4512.08
448,11223.31
449,5276.68
450,5920.86
451,4183.08
452,2469.73
453,3538.53
454,6355.46
455,58073.36
456,4237.2
457,58140.81
458,11806.26
459,43906.5
460,6837.89
461,3607.14
462,5860.51
463,44495.89
464,4898.17
465,12489.79
466,63093.96
467,12572.98
468,6114.64
469,10948.16
470,5416.36
471,53524.84
472,8515.12
473,6468.65
474,2997.25
475,2274.23
476,49807.62
477,4742.36
478,44526.7
479,5047.85
480,1965.61
481,34828.94
482,13274.71
483,5467.32
484,5480.71
485,4436.6
486,52062.52
487,49540.4
488,10241.88
489,4752.07
490,2347.75
491,6248.32
492,12584.11
493,5103.2
494,3215.03
495,6955.65
496,4625.21
497,13350.22
498,68010.28
499,8384.2
500,49669.47
501,46287.31
502,8409.49
503,65276.26
504,7160.88
505,55489.99
506,7759.7
507,7270.27
508,10561.25
509,4554.98
510,11526.21
511,53090.6
512,2378.93
513,6304.14
514,2543.55
515,52828.26
516,2228.25
517,5006.92
518,59846.39
519,26349.42
520,66564.03
521,64719.82
522,4922.34
523,69364.28
524,6730.79
525,49585.39
526,7992.53
527,4231.19
528,71595.46
529,34897.52
530,55946.26
531,5975.03
532,5417.18
533,11007.7
534,12115.73
535,3369.11
536,48269.41
537,39111.55
538,4656.81
539,5434.21
540,4392.38
541,13577.29
542,3354.81
543,5265.08
544,42340.33
545,25774.74
546,2459.91
547,51827.68
548,5119.83
549,5695.37
550,53486.07
551,6202.45
552,7601.44
553,54435.88
554,6020.65
555,3079.64
556,5581.72
557,2292.63
558,4432.74
559,5988.23
560,5854.37
561,2242.26
562,58268.07
563,4626.42
564,52603.01
565,4921.67
566,9518.4
567,12089.76
568,12831.53
569,50732.88
570,7983.69
571,5654.65
572,4420.18
573,54380.49
574,5471.5
575,6875.97
576,4684.93
577,44125.85
578,5342.84
579,13398.29
580,6489.41
581,45347.2
582,6126.14
583,5555.38
584,47566.94
585,44377.42
586,9257.83
587,3353.3
588,6984.2
589,54569.36
590,54427.09
591,7623.86
592,2402.01
593,55268.93
594,10998.31
595,10932.84
596,5444.48
597,63674.14
598,13081.13
599,6813.19
600,61747.24
601,3646.77
602,57215.92
603,5071.73
604,12080.29
605,71497.87
606,54521.24
607,28787.27
608,51293.24
609,5983.19
610,53748.62
611,64393.59
612,53387.73
613,58472.85
614,28582.96
615,4433.86
616,13429.59
617,44314.39
618,6217.03
619,8384.99
620,2798.36
621,51192.61
622,13765.18
623,4077.61
624,51441.24
625,10964.47
626,8122.07
627,48994.27
628,4471.96
629,7850.15
630,5574.76
631,53969.87
632,64463.55
633,4418.57
634,8189.44
635,7162.54
636,57148.84
637,59626.39
638,5243.15
639,4771.62
640,2584.77
641,5734.66
642,62373.09
643,10213.1
644,10117.98
645,46357.82
646,5830.94
647,5275.31
648,5855.91
649,49904.27
650,6450.68
651,53948.2
652,7555.2
653,5262.36
654,6588.39
655,2534.71
656,63137.5
657,10065.9
658,5638.49
659,12272.34
660,47760.73
661,3714.82
662,3017.9
663,8049.89
664,13854.89
665,5702.36
666,7845.11
667,7772.57
668,5126.46
669,6904.27
670,8481.82
671,15218.24
672,10878.86
673,10135.55
674,51107.44
675,48307.83
676,4870.38
677,11742.66
678,63735.08
679,3119.31
680,5850.85
681,45259.35
682,4923.87
683,11915.33
684,6591.73
685,4075.92
686,1830.73
687,9966.82
688,12378.02
689,5045.92
690,4772.47
691,37016.37
692,6659.45
693,6431.42
694,5155.2
695,28380.62
696,3768.26
697,5599.22
698,23775.34
699,49065.98
700,2626.08
701,48109.19
702,61689.24
703,49096.76
704,5568.76
705,4947.79
706,55233.8
707,14700.9
708,6868.02
709,50643.94
710,16339.85
711,12271.06
712,4531.74
713,8598.64
714,3946.56
715,4634.52
716,28572.68
717,42843.73
718,7643.45
719,39226.05
720,54679.51
721,5469.01
722,14209.68
723,6451.07
724,4877.69
725,4706.17
726,60392.62
727,2637.93
728,7111.09
729,50060.68
730,50739.08
731,7303.4
732,58584.75
733,2601.38
734,69954.57
735,3481.8
736,5789.36
737,9771.76
738,8746.47
739,13413.02
740,6221.01
741,5624.43
742,8169.61
743,5362.75
744,3467.53
745,60124.13
746,62933.26
747,18240.19
748,5099.29
749,6729.38
750,66984.02
751,11486.4
752,5148.28
753,5969.05
754,5098.85
755,11508.66
756,6755.43
757,16752.74
758,3837.24
759,59418.15
760,4392.01
761,3975.86
762,72931.47
763,6558.31
764,59932.9
765,4641.38
766,4873.43
767,4400.9
768,6848.08
769,4820.32
770,47846.91
771,68302.69
772,75686.61
773,3802.82
774,3479.59
775,5857.55
776,62930.83
777,3575.11
778,79574.82
779,62609.06
780,7687.63
781,2547.07
782,4881.27
783,52063.84
784,7781.34
785,52821.27
786,4491.48
787,5019.1
788,46426.32
789,26831.74
790,5626.44
791,8092.79
792,11423.02
793,61847.75
794,1778.53
795,13521.44
796,2090.34
797,9270.52
798,66353.25
799,6272.48
800,14665.73
801,6037.12
802,43292.78
803,5564.81
804,49576.89
805,57280.33
806,5056.84
807,17541.4
808,5195.8
809,5542.47
810,7069.12
811,3346.61
812,5011.15
813,5825.68
814,11875.69
815,59833.18
816,74980.22
817,8317.33
818,6420.97
819,63566.76
820,31694.78
821,6162.04
822,16588.09
823,52106.31
824,48535.98
825,5239.77
826,55539.48
827,4464.11
828,2609.85
829,6057.41
830,7027.13
831,2185.8
832,55704.48
833,11853.4
834,4369.61
835,3110.77
836,50045.75
837,2508.47
838,50542.59
839,47369.24
840,77818.27
841,53197.95
842,4629.71
843,8964.17
844,4157.97
845,10327.32
846,46003.84
847,51806.85
848,6313.86
849,12653.78
850,49046.2
851,12277.23
852,74096.76
853,49213.91
854,72070.73
855,56634.22
856,4398.43
857,5766.63
858,6991.78
859,5891.83
860,4757.63
861,2368.97
862,2288.58
863,5066.47
864,3063.01
865,2835.27
866,10577.7
867,2608.92
868,1609.43
869,32948.02
870,5724.65
871,49570.4
872,49462.13
873,5839.0
874,13271.87
875,1887.15
876,12070.92
877,2425.76
878,4632.7
879,5892.03
880,5596.26
881,1983.58
882,5299.89
883,3119.45
884,45229.05
885,5739.37
886,51905.98
887,4801.92
888,4713.39
889,9980.97
890,5607.74
891,51964.19
892,8514.08
893,17280.19
894,12115.96
895,11503.49
896,6053.62
897,7396.92
898,6938.46
899,52135.44
900,3872.46
901,24020.34
902,5341.29
903,3778.53
904,4818.06
905,13455.02
906,5539.92
907,12003.09
908,52068.45
909,7625.95
910,5270.8
911,3302.12
912,8863.73
913,1668.31
914,5290.11
915,29818.71
916,5284.95
917,3099.08
918,6021.04
919,9603.09
920,6063.79
921,7982.49
922,2794.38
923,5200.71
924,58048.87
925,5510.1
926,6984.64
927,5232.25
928,64705.0
929,14893.4
930,77946.29
931,45672.33
932,45773.58
933,5862.06
934,3539.71
935,60376.05
936,35688.63
937,4254.99
938,72937.98
939,5055.72
940,5815.08
941,3265.95
942,15832.45
943,63687.45
944,54787.12
945,4674.97
946,6126.43
947,61497.15
948,6369.86
949,47236.63
950,7093.89
951,6966.18
952,8262.17
953,2794.99
954,12325.93
955,11091.85
956,53284.58
957,6419.65
958,6538.27
959,50070.78
960,3901.59
961,2425.87
962,7650.31
963,6871.54
964,6050.56
965,8150.86
966,4114.97
967,6414.15
968,40994.88
969,5837.52
970,6503.263333333332
971,4891.95
972,1691.21
973,2577.47
974,3285.7
975,48786.88
976,3193.01
977,7905.46
978,30089.37
979,54971.66
980,4727.12
981,2428.16
982,57699.99
983,10621.46
984,46167.22
985,46484.76
986,48011.92
987,2369.3
988,2488.97
989,4037.37
990,56448.35
991,45682.4
992,6777.39
993,8260.29
994,5418.23
995,5286.93
996,14251.76
997,6261.97
998,5973.11
999,26295.8
1000,6280.14
1001,6674.11
1002,2695.7
1003,2832.04
1004,29761.47
1005,10244.36
1006,6240.14
1007,71218.22
1008,9111.35
1009,49451.72
1010,5516.01
1011,15205.7
1012,3245.25
1013,32098.9
1014,4920.06
1015,5075.63
1016,8790.33
1017,6100.13
1018,4497.19
1019,6117.6
1020,6417.46
1021,5449.4
1022,47731.64
1023,6780.16
1024,3650.96
1025,67585.64
1026,21630.08
1027,5219.67
1028,34327.43
1029,7620.63
1030,75306.22
1031,6408.06
1032,6561.98
1033,11053.16
1034,46392.25
1035,35431.61
1036,64020.06
1037,10456.17
1038,4592.91
1039,3070.66
1040,9411.11
1041,7943.77
1042,57812.78
1043,6298.76
1044,46247.61
1045,35815.22
1046,21532.24
1047,1850.83
1048,5836.35
1049,11814.43
1050,2780.67
1051,27146.62
1052,5675.57
1053,50928.64
1054,6201.71
1055,3295.54
1056,55326.6
1057,7065.06
1058,59551.81
1059,11891.11
1060,20839.72
1061,2783.14
1062,11276.05
1063,47205.62
1064,57183.64
1065,2493.56
1066,19241.33
1067,13566.64
1068,12088.41
1069,6387.26
1070,11028.73
1071,51043.23
1072,14185.59
1073,51273.15
1074,5388.89
1075,20825.06
1076,4820.92
1077,7842.09
1078,60993.63
1079,3767.99
1080,4142.13
1081,6451.97
1082,3237.94
1083,47578.28
1084,4018.41
1085,6127.83
1086,5782.08
1087,3479.08
1088,4979.46
1089,5045.39
1090,9619.7
1091,2497.58
1092,54780.23
1093,68867.39
1094,6899.29
1095,3245.89
1096,4977.13
1097,33504.7
1098,6272.76
1099,8142.96
1100,48966.45
1101,85389.31
1102,5793.87
1103,45465.34
1104,4671.57
1105,4118.87
1106,5272.33
1107,51107.06
1108,8373.23
1109,9107.89
1110,15410.65
1111,12203.56
1112,56631.6
1113,8034.71
1114,7527.56
1115,3783.25
1116,5794.44
1117,10879.22
1118,3359.31
1119,19464.14
1120,4947.26
1121,6219.56
1122,61319.75
1123,69388.36
1124,64303.72
1125,3010.27
1126,5107.98
1127,8969.11
1128,4557.26
1129,16917.87
1130,48079.3
1131,4719.23
1132,3785.84
1133,6460.4
1134,11413.22
1135,8310.43
1136,71716.89
1137,5286.12
1138,12346.83
1139,5084.57
1140,2978.15
1141,42198.01
1142,8701.78
1143,5269.96
1144,4399.34
1145,55097.0
1146,7797.97
1147,53422.69
1148,4109.66
1149,6739.71
1150,5452.41
1151,7933.43
1152,50452.68
1153,6062.38
1154,4689.83
1155,4107.79
1156,6214.21
1157,2228.77
1158,6759.43
1159,50992.99
1160,2389.79
1161,45784.61
1162,5939.3
1163,6041.3
1164,11080.48
1165,51471.31
1166,7603.58
1167,6909.13
1168,7477.41
1169,4208.78
1170,6101.7
1171,6450.86
1172,23410.34
1173,5858.55
1174,14729.62
1175,15122.67
1176,1704.8
1177,45628.04
1178,11361.49
1179,7307.69
1180,13576.95
1181,14783.11
1182,6587.62
1183,5210.61
1184,1627.17
1185,4719.48
1186,45259.5
1187,9173.38
1188,4534.32
1189,4015.63
1190,51972.4
1191,3603.59
1192,5304.63
1193,4162.71
1194,16395.97
1195,52985.21
1196,6139.64
1197,22170.39
1198,8832.42
1199,54761.13
1200,49721.82
1201,14077.37
1202,5539.09
1203,57413.72
1204,13994.97
1205,5583.09
1206,65742.62
1207,6614.81
1208,31091.56
1209,9525.46
1210,50650.35
1211,7263.25
1212,7349.23
1213,6047.79
1214,13636.89
1215,4094.16
1216,7015.33
1217,5131.49
1218,42202.53
1219,5621.93
1220,53740.78
1221,4661.77
1222,45134.38
1223,6705.13
1224,13518.98
1225,32655.46
1226,3782.06
1227,51912.95
1228,5659.72
1229,3316.07
1230,4726.49
1231,7191.9
1232,2995.67
1233,7269.67
1234,67025.85
1235,4483.95
1236,8721.35
1237,2353.36
1238,11743.8
1239,52751.29
1240,4939.61
1241,46977.49
1242,4174.47
1243,5325.6
1244,47237.62
1245,5341.11
1246,7831.98
1247,11526.32
1248,54382.74
1249,5756.94
1250,14209.48
1251,5425.5
1252,11691.18
1253,61721.56
1254,6320.15
1255,6307.79
1256,6141.12
1257,48675.32
1258,5882.09
1259,25273.52
1260,22014.55
1261,5609.19
1262,8375.95
1263,5206.45
1264,3340.25
1265,33447.62
1266,52828.64
1267,63301.32
1268,4120.4
1269,14443.27
1270,5949.47
1271,65201.65
1272,18362.22
1273,5003.47
1274,5762.14
1275,64027.52
1276,49633.06
1277,11230.6
1278,24458.08
1279,63633.1
1280,78114.27
1281,8665.2
1282,5838.26
1283,9773.34
1284,66440.39
1285,52325.33
1286,22566.32
1287,75657.0
1288,7048.32
1289,12897.62
1290,54657.48
1291,3046.4
1292,2300.64
1293,6405.67
1294,3904.48
1295,43949.37
1296,57642.64
1297,4273.61
1298,7187.51
1299,46118.91
1300,7079.44
1301,4721.61
1302,6103.86
1303,24794.44
1304,2374.86
1305,50524.15
1306,5452.81
1307,2466.38
1308,7025.89
1309,5181.95
1310,10165.15
1311,6031.68
1312,2444.54
1313,50727.71
1314,74976.98
1315,43535.07
1316,56966.74
1317,4647.7
1318,44859.79
1319,13438.73
1320,8042.27
1321,67325.3
1322,6565.25
1323,46653.53
1324,9639.97
1325,6167.31
1326,4393.88
1327,58354.14
1328,11260.0
1329,17465.23
1330,4602.84
1331,5036.52
1332,4152.53
1333,66349.06
1334,4720.46
1335,2443.71
1336,56960.57
1337,46071.84
1338,5630.95
1339,47458.37
1340,4764.55
1341,43187.26
1342,4738.31
1343,46904.95
1344,46614.31
1345,10259.91
1346,5689.14
1347,5920.74
1348,6030.99
1349,45365.51
1350,54024.31
1351,5788.8
1352,49425.98
1353,46190.54
1354,28166.47
1355,46372.99
1356,8081.04
1357,67321.24
1358,47890.73
1359,6353.25
1360,52538.8
1361,49612.97
1362,5213.09
1363,6317.66
1364,3005.21
1365,15622.31
1366,5501.92
1367,12981.04
1368,7231.77
1369,51933.67
1370,54621.62
1371,9493.8
1372,23583.92
1373,4937.27
1374,6111.29
1375,69468.02
1376,66145.32
1377,67654.29
1378,7215.07
1379,53446.35
1380,4425.13
1381,55866.43
1382,53370.38
1383,4127.99
1384,11784.48
1385,61249.59
1386,3429.71
1387,5217.65
1388,5061.99
1389,58700.04
1390,4745.22
1391,4366.5
1392,5148.74
1393,3660.35
1394,69726.52
1395,5441.86
1396,50689.66
1397,45194.73
1398,7162.52
1399,10721.4
1400,5442.79
1401,6323.77
1402,31628.53
1403,47231.2
1404,57506.87
1405,5100.22
1406,6212.1
1407,6298.99
1408,24199.66
1409,49525.24
1410,4745.2
1411,6018.26
1412,48328.77
1413,6387.4
1414,53883.44
1415,15749.15
1416,1444.02
1417,45737.26
1418,4997.42
1419,12484.11
1420,59160.45
1421,53990.43
1422,56443.69
1423,4151.3
1424,72469.6
1425,13341.84
1426,10084.8
1427,46775.05
1428,5877.4
1429,9147.06
1430,2728.31
1431,60422.95
1432,6861.71
1433,63283.43
1434,52901.49
1435,6036.77
1436,14825.18
1437,4804.47
1438,70751.86
1439,55435.55
1440,47874.38
1441,5554.43
1442,56787.28
1443,4926.81
1444,5855.83
1445,5778.28
1446,6725.88
1447,2498.78
1448,6176.28
1449,5085.48
1450,9126.63
1451,13159.79
1452,4578.46
1453,20386.09
1454,14810.73
1455,8773.15
1456,6537.09
1457,1795.75
1458,5871.79
1459,71248.03
1460,10787.69
1461,6407.99
1462,4364.95
1463,4229.65
1464,15915.16
1465,5028.25
1466,4477.57
1467,54453.98
1468,6554.95
1469,47826.9
1470,5003.03
1471,2180.92
1472,4634.17
1473,47791.52
1474,3215.51
1475,33510.9
1476,13112.97
1477,4681.46
1478,9938.52
1479,11919.44
1480,12306.23
1481,6967.05
1482,5796.06
1483,4342.02
1484,3467.81
1485,6647.95
1486,5027.81
1487,56198.62
1488,10732.14
1489,35557.9
1490,43470.98
1491,5115.18
1492,49061.35
1493,5721.42
1494,5209.26
1495,55275.35
1496,7882.23
1497,44915.7
1498,47260.37
1499,8843.28
1500,11298.31
1501,7304.03
1502,8035.82
1503,47629.62
1504,4953.95
1505,7421.38
1506,62082.62
1507,4137.19
1508,11208.58
1509,65812.28
1510,3944.26
1511,4691.73
1512,11001.35
1513,3942.05
1514,2878.6
1515,63085.77
1516,12128.57
1517,3325.78
1518,4230.31
1519,4746.36
1520,51832.2
1521,3545.72
1522,4911.56
1523,51321.35
1524,53955.29
1525,9643.47
1526,42661.75
1527,4128.1
1528,5437.12
1529,75904.52
1530,4428.07
1531,4486.95
1532,56273.34
1533,50742.56
1534,5965.23
1535,4796.99
1536,49857.64
1537,5561.51
1538,6761.26
1539,11664.24
1540,46789.0
1541,5286.39
1542,12902.23
1543,7637.42
1544,3882.9
1545,4934.55
1546,50267.02
1547,21221.7
1548,14160.87
1549,7153.21
1550,44505.89
1551,5356.19
1552,5622.86
1553,69916.5
1554,45021.92
1555,3784.84
1556,4911.52
1557,13363.49
1558,50476.04
1559,5486.1
1560,4854.58
1561,6938.12
1562,10964.03
1563,7123.84
1564,3490.89
1565,2103.93
1566,4822.48
1567,3037.37
1568,10212.19
1569,15403.07
1570,61102.02
1571,4893.03
1572,8847.57
1573,8118.72
1574,8233.43
1575,7554.3
1576,6226.23
1577,44141.34
1578,46278.79
1579,1612.38
1580,6860.87
1581,4737.39
1582,68829.24
1583,43050.24
1584,12655.65
1585,3870.11
1586,3662.8
1587,6170.19
1588,10557.79
1589,50675.73
1590,13401.67
1591,43156.17
1592,3695.46
1593,49256.68
1594,6153.81
1595,77207.35
1596,8884.64
1597,52459.1
1598,3270.64
1599,5853.69
1600,6753.6
1601,57850.05
1602,11195.3
1603,3180.13
1604,57199.52
1605,2743.56
1606,7438.45
1607,5845.29
1608,5220.74
1609,61556.79
1610,5518.25
1611,4975.88
1612,5722.3
1613,10336.81
1614,9084.2
1615,72824.99
1616,6471.86
1617,42973.82
1618,2371.73
1619,62780.21
1620,6017.78
1621,4919.7
1622,50199.84
1623,7880.44
1624,46294.29
1625,12569.7
1626,4353.7
1627,6366.39
1628,9400.29
1629,2562.08
1630,55724.06
1631,14292.25
1632,4752.2
1633,5964.62
1634,7176.12
1635,4973.23
1636,7192.88
1637,50342.73
1638,11060.57
1639,48530.75
1640,4297.84
1641,10343.19
1642,5814.66
1643,6288.62
1644,11380.73
1645,35140.44
1646,4379.44
1647,6142.42
1648,2094.5
1649,12284.41
1650,4353.17
1651,6551.94
1652,5089.62
1653,60139.41
1654,4805.08
1655,5673.93
1656,5112.73
1657,6339.1
1658,5881.95
1659,2662.91
1660,5963.8
1661,57480.45
1662,6704.85
1663,5842.84
1664,4442.7
1665,53343.89
1666,56455.2
1667,52335.92
1668,8731.52
1669,6589.48
1670,4990.24
1671,65588.14
1672,55013.32
1673,4934.8
1674,6454.51
1675,6703.18
1676,62646.48
1677,51507.64
1678,2791.56
1679,7973.3
1680,57989.26
1681,4508.76
1682,61048.87
1683,8127.15
1684,53868.75
1685,13607.33
1686,54241.2
1687,2677.15
1688,66362.04
1689,56574.04
1690,9563.65
1691,48535.52
1692,51552.88
1693,2634.93
1694,5192.41
1695,51941.46
1696,64470.66
1697,6755.78
1698,2816.2
1699,4826.35
1700,6345.71
1701,39071.14
1702,10335.36
1703,4541.48
1704,2700.29
1705,46556.97
1706,4454.83
1707,3256.74
1708,3734.95
1709,6601.19
1710,48199.83
1711,6058.05
1712,57673.88
1713,6314.43
1714,5959.27
1715,6099.76
1716,16199.44
1717,4171.3
1718,9722.42
1719,5129.34
1720,51928.55
1721,2884.05
1722,3297.93
1723,5960.24
1724,6796.91
1725,49609.83
1726,24482.66
1727,2965.21
1728,3174.81
1729,6960.24
1730,5756.09
1731,2127.58
1732,5339.37
1733,10733.55
1734,12665.86
1735,1946.97
1736,61789.5
1737,6000.74
1738,56702.82
1739,5160.32
1740,43206.05
1741,31955.14
1742,57327.37
1743,5009.62
1744,7987.82
1745,59510.73
1746,4506.68
1747,6943.95
1748,5113.43
1749,4649.43
1750,48237.44
1751,4426.04
1752,6223.44
1753,45283.91
1754,5985.79
1755,6863.4
1756,60613.89
1757,59377.3
1758,4844.11
1759,10515.73
1760,46126.36
1761,16131.93
1762,5859.82
1763,5591.38
1764,1898.89
1765,3673.82
1766,2269.32
1767,2404.2
1768,5681.54
1769,6665.26
1770,4572.43
1771,5430.72
1772,9515.23
1773,47743.56
1774,46929.34
1775,52070.94
1776,58676.14
1777,6997.41
1778,6099.84
1779,3869.96
1780,5971.78
1781,58579.98
1782,4229.83
1783,6634.31
1784,3210.15
1785,4748.45
1786,3617.25
1787,48355.92
1788,2686.24
1789,11958.61
1790,66028.77
1791,5623.78
1792,4727.91
1793,31804.18
1794,11906.09
1795,4057.61
1796,4276.0
1797,9925.2
1798,4667.86
1799,32814.05
1800,53167.08
1801,4514.34
1802,3439.09
1803,7038.02
1804,53273.29
1805,5660.84
1806,56052.67
1807,5613.71
1808,46113.75
1809,69844.4
1810,53015.79
1811,7927.26
1812,60092.85
1813,59562.11
1814,58911.47
1815,6304.99
1816,1578.72
1817,3616.62
1818,5555.52
1819,65178.16
1820,7819.83
1821,3724.85
1822,6380.43
1823,5298.05
1824,26444.32
1825,55494.74
1826,71740.21
1827,5892.39
1828,46750.24
1829,6955.26
1830,2610.41
1831,6938.63
1832,7471.66
1833,58235.41
1834,10922.06
1835,16288.84
1836,2193.79
1837,5560.86
1838,21603.92
1839,10808.93
1840,54980.02
1841,4519.09
1842,4890.74
1843,3604.79
1844,9856.91
1845,6995.13
1846,13167.37
1847,47166.05
1848,7277.34
1849,60460.26
1850,56824.97
1851,5461.18
1852,6536.8
1853,50673.57
1854,4853.32
1855,5357.42
1856,5079.73
1857,3204.4
1858,5555.85
1859,5111.04
1860,57164.16
1861,6834.44
1862,57831.13
1863,5194.45
1864,55424.37
1865,4952.56
1866,6681.89
1867,46413.88
1868,4606.76
1869,56400.82
1870,7594.58
1871,46655.61
1872,47054.03
1873,4007.31
1874,5958.13
1875,40238.75
1876,5924.19
1877,12577.03
1878,11587.18
1879,5627.16
1880,2524.07
1881,71000.72
1882,6360.92
1883,2858.37
1884,5956.48
1885,13839.31
1886,60120.83
1887,64778.64
1888,54846.79
1889,55953.28
1890,6374.34
1891,2090.88
1892,4691.76
1893,51888.81
1894,3993.4
1895,37095.7
1896,52002.67
1897,5294.47
1898,7494.64
1899,12434.52
1900,3326.21
1901,6360.74
1902,29021.95
1903,57057.23
1904,10485.14
1905,3230.15
1906,3271.34
1907,7228.39
1908,5390.44
1909,3375.87
1910,6156.54
1911,46168.23
1912,51810.12
1913,58483.76
1914,10727.01
1915,52622.4
1916,6768.75
1917,49520.48
1918,5909.97
1919,53185.68
1920,43083.93
1921,49240.38
1922,6855.27
1923,2694.37
1924,5577.2
1925,2845.49
1926,4293.04
1927,49529.8
1928,4504.09
1929,53026.09
1930,7967.67
1931,55315.64
1932,5343.18
1933,5797.66
1934,5764.93
1935,24346.68
1936,3771.51
1937,6690.75
1938,2621.72
1939,3689.34
1940,13366.3
1941,17002.2
1942,7714.5
1943,2457.02
1944,5335.1
1945,3206.5
1946,4952.32
1947,8317.36
1948,11385.69
1949,56190.48
1950,17794.0
1951,11703.27
1952,46937.03
1953,5469.58
1954,3473.48
1955,65558.27
1956,3319.43
1957,44644.17
1958,12323.67
1959,4630.02
1960,66512.37
1961,4641.9
1962,4279.33
1963,14278.87
1964,5638.96
1965,5561.33
1966,6936.34
1967,10808.85
1968,54852.16
1969,42430.31
1970,12020.75
1971,2555.75
1972,8378.84
1973,7145.67
1974,6401.46
1975,30811.84
1976,57117.24
1977,85779.28
1978,5117.79
1979,3306.69
1980,4538.77
1981,50727.4
1982,5278.97
1983,51223.76
1984,3375.06
1985,58112.91
1986,4750.82
1987,12715.41
1988,11869.42
1989,50388.31
1990,58639.53
1991,6039.8
1992,6448.12
1993,67605.59
1994,54104.67
1995,4100.76
1996,2182.76
1997,20790.02
1998,54297.69
1999,5244.38
2000,13331.22
2001,15228.13
2002,61964.61
2003,42135.61
2004,56372.04
2005,8551.86
2006,5206.95
2007,5982.29
2008,6635.25
2009,6478.74
2010,55315.17
2011,51478.48
2012,7022.07
2013,12718.9
2014,11014.34
2015,3711.03
2016,4511.05
2017,65570.79
2018,63800.53
2019,12872.43
2020,11051.58
2021,5560.53
2022,4896.48
2023,2636.71
2024,4773.1
2025,8604.06
2026,8233.52
2027,6712.18
2028,5771.24
2029,64245.77
2030,5246.85
2031,31242.15
2032,18982.75
2033,7530.73
2034,12029.31
2035,14176.26
2036,52337.57
2037,57063.34
2038,6194.98
2039,54671.59
2040,60065.44
2041,4849.43
2042,64912.89
2043,4851.78
2044,59435.18
2045,5231.05
2046,40296.67
2047,3055.02
2048,4676.14
2049,6841.17
2050,2985.59
2051,2415.84
2052,3119.43
2053,6312.65
2054,4958.6
2055,5030.63
2056,7584.16
2057,45665.45
2058,3197.53
2059,4450.62
2060,3913.16
2061,12070.36
2062,5055.89
2063,6779.02
2064,29097.66
2065,2865.29
2066,10761.41
2067,3091.15
2068,7125.97
2069,53928.96
2070,49122.91
2071,5762.45
2072,14356.95
2073,4173.48
2074,5728.76
2075,49769.98
2076,54509.7
2077,6460.81
2078,5748.59
2079,2400.5
2080,4559.64
2081,57313.52
2082,2300.75
2083,5821.96
2084,4974.9
2085,8320.575
2086,2122.88
2087,4576.44
2088,3085.44
2089,11733.2
2090,5491.04
2091,5199.94
2092,61768.09
2093,59207.92
2094,4932.66
2095,48596.78
2096,56612.55
2097,5049.29
2098,5000.03
2099,3439.6
2100,5432.91
2101,4434.44
2102,3550.86
2103,2270.21
2104,53448.34
2105,3041.16
2106,42067.74
2107,44738.08
2108,3953.55
2109,5398.8
2110,52154.65
2111,64860.43
2112,47038.16
2113,6970.39
2114,8104.21
2115,48310.28
2116,67664.65
2117,12422.31
2118,51741.56
2119,50794.41
2120,56018.78
2121,62019.79
2122,3591.46
2123,11763.75
2124,5573.43
2125,4434.06
2126,2921.99
2127,12478.45
2128,4957.5
2129,3678.16
2130,55026.62
2131,2520.82
2132,15786.91
2133,50027.26
2134,5690.83
2135,45915.41
2136,5241.72
2137,11088.85
2138,55997.14
2139,10763.75
2140,7388.875
2141,10498.75
2142,5478.29
2143,6207.62
2144,5978.42
2145,51949.18
2146,6246.49
2147,8610.1
2148,49180.38
2149,4968.16
2150,76203.99
2151,5292.26
2152,2799.75
2153,6095.67
2154,56234.32
2155,8754.04
2156,16297.62
2157,17669.14
2158,5620.94
2159,6177.25
2160,7818.51
2161,3938.33
2162,49975.91
2163,45106.42
2164,6165.5
2165,68689.58
2166,7387.85
2167,1775.06
2168,6350.62
2169,69461.68
2170,4861.41
2171,5204.16
2172,59601.02
2173,8619.71
2174,4481.43
2175,4173.98
2176,46079.51
2177,55839.52
2178,68593.05
2179,51719.71
2180,5627.5
2181,4714.99
2182,6339.75
2183,28212.61
2184,49643.25
2185,48537.47
2186,61606.84
2187,8300.15
2188,11946.19
2189,4531.19
2190,6434.14
2191,49421.3
2192,45222.03
2193,4161.51
2194,6834.23
2195,17325.59
2196,65454.31
2197,53400.19
2198,3299.32
2199,51358.64
2200,10016.63
2201,9890.87
2202,23122.1
2203,13104.1
2204,5831.98
2205,8631.12
2206,5067.82
2207,55020.63
2208,12243.72
2209,43801.93
2210,8186.7
2211,6542.57
2212,12362.51
2213,24699.26
2214,11977.43
2215,76374.37
2216,12523.29
2217,52199.36
2218,13360.73
2219,4904.16
2220,5511.88
2221,53860.3
2222,16739.68
2223,57799.38
2224,14569.9
2225,64966.04
2226,11600.35
2227,4495.41
2228,5724.1
2229,11592.87
2230,10662.65
2231,41711.96
2232,3038.9
2233,44609.94
2234,5102.99
2235,43278.08
2236,6302.2
2237,4547.38
2238,40725.01
2239,43816.51
2240,4093.95
2241,9547.58
2242,51104.86
2243,5041.57
2244,6613.39
2245,4680.79
2246,44538.85
2247,11277.41
2248,52601.09
2249,46898.26
2250,48684.68
2251,58891.43
2252,9548.49
2253,6441.6
2254,12561.61
2255,51257.0
2256,4706.06
2257,34977.21
2258,26847.82
2259,4835.38
2260,62976.4
2261,48187.33
2262,67088.93
2263,62002.2
2264,3282.1
2265,4160.4
2266,8994.94
2267,16242.67
2268,6396.46
2269,6233.08
2270,4689.51
2271,5446.95
2272,10384.86
2273,4133.96
2274,7346.18
2275,5216.91
2276,4021.8
2277,4267.25
2278,3620.17
2279,48199.22
2280,12241.11
2281,3449.89
2282,5017.47
2283,10425.85
2284,6561.71
2285,12587.57
2286,5501.06
2287,5796.26
2288,50063.42
2289,10445.62
2290,58577.37
2291,42166.68
2292,14819.02
2293,4820.45
2294,59489.72
2295,10694.98
2296,53251.75
2297,3549.06
2298,80977.14
2299,61126.75
2300,33148.52
2301,5408.24
2302,44002.1
2303,7017.36
2304,5328.74
2305,3664.91
2306,16028.89
2307,52448.07
2308,7707.25
2309,4078.8
2310,11957.69
2311,3261.07
2312,3889.02
2313,6301.59
2314,5707.83
2315,6752.04
2316,50112.01
2317,9042.286666666667
2318,4111.88
2319,2685.92
2320,5827.77
2321,5107.89
2322,1697.3
2323,46099.83
2324,3462.37
2325,8876.77
2326,68328.65
2327,49824.42
2328,60442.57
2329,13950.1
2330,46511.88
2331,51521.24
2332,30253.41
2333,3358.48
2334,47092.08
2335,17437.7
2336,4648.85
2337,8872.62
2338,50994.19
2339,4177.35
2340,7034.18
2341,12296.74
2342,17501.66
2343,43952.36
2344,4548.2
2345,52351.45
2346,3453.16
2347,16920.92
2348,2484.78
2349,54726.53
2350,6722.86
2351,6227.67
2352,3895.46
2353,5783.05
2354,6541.58
2355,6416.91
2356,14610.03
2357,3022.28
2358,7256.23
2359,5862.93
2360,2124.32
2361,57424.68
2362,4150.77
2363,5507.35
2364,7376.67
2365,63904.55
2366,13730.39
2367,40614.66
2368,4533.31
2369,5186.25
2370,76328.28
2371,4117.75
2372,2736.67
2373,5693.55
2374,4330.33
2375,5697.87
2376,6141.53
2377,6919.32
2378,5417.39
2379,6176.13
2380,6155.02
2381,64145.89
2382,3603.43
2383,3538.02
2384,3537.52
2385,64379.76
2386,4977.93
2387,25687.66
2388,9724.41
2389,38646.48
2390,4145.68
2391,60856.25
2392,6560.4
2393,15371.4
2394,53418.2
2395,3206.5
2396,5240.69
2397,17409.2
2398,5389.74
2399,6434.77
2400,49101.46
2401,5638.32
2402,53092.9
2403,3937.2
2404,7872.97
2405,49858.4
2406,11794.26
2407,5493.48
2408,10811.34
2409,53137.47
2410,6035.92
2411,42345.74
2412,6534.37
2413,5434.03
2414,4721.5
2415,45255.93
2416,42677.8
2417,5028.92
2418,13232.38
2419,59172.15
2420,33288.98
2421,10292.42
2422,3967.56
2423,5114.87
2424,46987.3
2425,5610.02
2426,4134.19
2427,5354.37
2428,5519.38
2429,56753.88
2430,6372.73
2431,6312.85
2432,59617.16
2433,5417.17
2434,2448.33
2435,4650.94
2436,72041.59
2437,6032.37
2438,7020.09
2439,11620.74
2440,9225.26
2441,4780.64
2442,11595.76
2443,4785.39
2444,6092.2
2445,47493.51
2446,9603.19
2447,57604.75
2448,4644.73
2449,11281.02
2450,29934.54
2451,5020.84
2452,57901.22
2453,8119.06
2454,6093.09
2455,2822.41
2456,2499.91
2457,4867.79
2458,29217.38
2459,12181.55
2460,19475.9
2461,34686.91
2462,10917.04
2463,55197.84
2464,79302.4
2465,3857.55
2466,24210.7
2467,56529.91
2468,53878.96
2469,11720.4
2470,2410.34
2471,2696.43
2472,11490.9
2473,10241.36
2474,54625.37
2475,46779.7
2476,56417.18
2477,7095.47
2478,5754.62
2479,5350.29
2480,5395.74
2481,3776.1
2482,4075.66
2483,6041.41
2484,4278.91
2485,8055.12
2486,6526.98
2487,42955.35
2488,46462.71
2489,5626.75
2490,6399.88
2491,25508.9
2492,18206.04
2493,2501.24
2494,11753.29
2495,55236.67
2496,6015.66
2497,52399.42
2498,54632.69
2499,7874.31
2500,54474.33
2501,57504.21
2502,4008.68
2503,10639.97
2504,2770.9
2505,7447.53
2506,11459.23
2507,5633.67
2508,6641.92
2509,8124.93
2510,51077.12
2511,50205.39
2512,4872.57
2513,61327.36
2514,6185.09
2515,7703.93
2516,2447.22
2517,57267.88
2518,51990.49
2519,3796.02
2520,4474.86
2521,8190.22
2522,5270.51
2523,6035.44
2524,7654.69
2525,56118.01
2526,4027.73
2527,2473.71
2528,11212.28
2529,9303.9
2530,6282.47
2531,50479.95
2532,49929.9
2533,13984.05
2534,7421.88
2535,5851.66
2536,2465.65
2537,61195.28
2538,28271.18
2539,4286.21
2540,8749.9
2541,9228.64
2542,3404.47
2543,5487.97
2544,9359.53
2545,13659.57
2546,29054.53
2547,54161.6
2548,2975.44
2549,6751.99
2550,2680.92
2551,3177.19
2552,5622.87
2553,6885.71
2554,50023.43
2555,30757.74
2556,4092.75
2557,54003.38
2558,3111.19
2559,28196.41
2560,4711.31
2561,8621.23
2562,50904.73
2563,5003.0
2564,8536.73
2565,3302.19
2566,5443.22
2567,6673.53
2568,2873.1
2569,5688.51
2570,5097.13
2571,11470.12
2572,5314.87
2573,54163.4
2574,7380.84
2575,12313.38
2576,16654.76
2577,5203.06
2578,5307.23
2579,7665.89
2580,5346.16
2581,10451.6
2582,49942.17
2583,5586.77
2584,54041.36
2585,11863.2
2586,4433.7
2587,5062.2
2588,11038.98
2589,2732.26
2590,49024.52
2591,62956.21
2592,4417.17
2593,2783.14
2594,45390.28
2595,3593.77
2596,4201.15
2597,56573.68
2598,4300.99
2599,54735.63
2600,5836.44
2601,52011.23
2602,13130.75
2603,46020.58
2604,5412.59
2605,2390.29
2606,5594.02
2607,6343.28
2608,5093.52
2609,62358.14
2610,51104.49
2611,50657.35
2612,65778.97
2613,5353.9
2614,4112.87
2615,2560.9
2616,2656.77
2617,62165.92
2618,12974.07
2619,5313.71
2620,5959.07
2621,49923.43
2622,48064.83
2623,5436.35
2624,6040.78
2625,43593.58
2626,6619.26
2627,29076.08
2628,11840.24
2629,7118.11
2630,5450.87
2631,12625.48
2632,13317.41
2633,47043.04
2634,47701.23
2635,3135.19
2636,13297.34
2637,9914.22
2638,4348.58
2639,50652.27
2640,5746.53
2641,6620.77
2642,7367.66
2643,49612.89
2644,51155.74
2645,80379.18
2646,2344.12
2647,2544.56
2648,12369.21
2649,55692.15
2650,57781.27
2651,4785.53
2652,4991.56
2653,51743.51
2654,2867.17
2655,10874.58
2656,4926.46
2657,1588.21
2658,56522.32
2659,6371.8
2660,5878.08
2661,12233.22
2662,5227.28
2663,10671.98
2664,13328.84
2665,4633.48
2666,11304.69
2667,8336.9
2668,33771.0
2669,4865.05
2670,4633.7
2671,4535.25
2672,3843.0
2673,12752.6
2674,12740.89
2675,7192.95
2676,60850.73
2677,61244.78
2678,56887.46
2679,6707.18
2680,3393.58
2681,54692.88
2682,58131.4
2683,5414.45
2684,55082.24
2685,4429.93
2686,58668.08
2687,8103.99
2688,50690.33
2689,47926.86
2690,2447.54
2691,4238.04
2692,10792.0
2693,6683.08
2694,6427.04
2695,29906.19
2696,4518.42
2697,67381.64
2698,51896.41
2699,57286.3
2700,13060.81
2701,12009.01
2702,12293.57
2703,56755.84
2704,6505.73
2705,72086.03
2706,58435.8
2707,4432.09
2708,15656.91
2709,8482.63
2710,7136.08
2711,6357.38
2712,7374.46
2713,50910.92
2714,54319.96
2715,5702.35
2716,6693.99
2717,5580.02
2718,4152.36
2719,56212.79
2720,11485.02
2721,4508.2
2722,10033.82
2723,53148.84
2724,58202.39
2725,4933.27
2726,55544.4
2727,6184.35
2728,2997.95
2729,58614.42
2730,6286.41
2731,30763.4
2732,39810.78
2733,54475.86
2734,9670.05
2735,47322.19
2736,62446.85
2737,50882.19
2738,52448.34
2739,6318.67
2740,4300.52
2741,54642.05
2742,11230.37
2743,13938.68
2744,2834.87
2745,46836.95
2746,6535.58
2747,6427.91
2748,10829.2
2749,83318.66
2750,40715.89
2751,2445.63
2752,8521.0
2753,61423.08
2754,13113.96
2755,12540.84
2756,11291.11
2757,2317.97
2758,5194.61
2759,5060.04
2760,50172.91
2761,8401.63
2762,7117.62
2763,54060.27
2764,3164.7
2765,44766.84
2766,4940.22
2767,12583.54
2768,5646.72
2769,6982.18
2770,47422.59
2771,6377.87
2772,48679.25
2773,65353.2
2774,10108.11
2775,10330.38
2776,8302.84
2777,2643.18
2778,48067.61
2779,5721.84
2780,3678.42
2781,11865.23
2782,5055.61
2783,65298.05
2784,5554.12
2785,1613.09
2786,73712.36
2787,26866.64
2788,57681.97
2789,48944.77
2790,7139.33
2791,23689.18
2792,6494.27
2793,10429.0
2794,3920.3
2795,4646.63
2796,38994.36
2797,5422.02
2798,60241.1
2799,74402.0
2800,6711.73
2801,42816.82
2802,5828.12
2803,64168.39
2804,5621.85
2805,7121.8
2806,9505.16
2807,5521.91
2808,5249.21
2809,11640.3
2810,10133.1
2811,46004.61
2812,8393.07
2813,6075.69
2814,7338.81
2815,62889.94
2816,5474.18
2817,6997.86
2818,6703.99
2819,5521.29
2820,60799.38
2821,3626.86
2822,4504.36
2823,53329.24
2824,15572.08
2825,6344.26
2826,55396.43
2827,2307.21
2828,6049.19
2829,3451.99
2830,4454.99
2831,5920.31
2832,54629.47
2833,6298.08
2834,2563.4
2835,69660.2
2836,56067.63
2837,4763.15
2838,59946.43
2839,5256.38
2840,5492.11
2841,57980.73
2842,6121.47
2843,4221.83
2844,32030.94
2845,13867.82
2846,8664.35
2847,50931.22
2848,49375.05
2849,59100.87
2850,6142.59
2851,57858.66
2852,4425.65
2853,55961.57
2854,11615.08
2855,5008.92
2856,63206.45
2857,54714.45
2858,7417.0
2859,46044.17
2860,5180.93
2861,8081.82
2862,4849.88
2863,11852.61
2864,3201.8
2865,4397.67
2866,55442.22
2867,30027.96
2868,12712.73
2869,28779.04
2870,3497.44
2871,10902.17
2872,5105.97
2873,4952.27
2874,4359.79
2875,6272.88
2876,14639.78
2877,5590.03
2878,6093.87
2879,4298.05
2880,5430.6
2881,61927.35
2882,4657.89
2883,3314.73
2884,59211.74
2885,53846.55
2886,4122.26
2887,15880.0
2888,5218.61
2889,7033.28
2890,7004.14
2891,6937.67
2892,48771.01
2893,4096.19
2894,5748.83
2895,25124.76
2896,4926.03
2897,42547.75
2898,2227.25
2899,5005.19
2900,2326.77
2901,58150.84
2902,10490.58
2903,54294.68
2904,6497.76
2905,3951.05
2906,53361.29
2907,7805.52
2908,5575.44
2909,56906.38
2910,5804.47
2911,49916.72
2912,43410.77
2913,68935.03
2914,6426.62
2915,9292.4
2916,50374.62
2917,3746.05
2918,58104.74
2919,57054.74
2920,6197.62
2921,6069.33
2922,60898.12
2923,50216.38
2924,62298.16
2925,7804.52
2926,41252.43
2927,4535.21
2928,3161.74
2929,6335.4
2930,5835.76
2931,12404.27
2932,6491.25
2933,6046.31
2934,13050.03
2935,67751.4
2936,12607.76
2937,48273.44
2938,42760.41
2939,53855.3
2940,44729.87
2941,54664.49
2942,9186.57
2943,11109.68
2944,49243.67
2945,7227.64
2946,3672.39
2947,51070.22
2948,2939.87
2949,70722.55
2950,6843.66
2951,5616.35
2952,25968.52
2953,3604.09
2954,3493.75
2955,5444.01
2956,12119.75
2957,12128.45
2958,50365.07
2959,7523.23
2960,4929.81
2961,56873.08
2962,6634.42
2963,51174.12
2964,3950.08
2965,59172.56
2966,6934.11
2967,4427.56
2968,46922.07
2969,14865.21
2970,54525.04
2971,68393.26
2972,10468.57
2973,4798.78
2974,79811.84
2975,2358.97
2976,4761.75
2977,5426.59
2978,12610.41
2979,7610.28
2980,12785.18
2981,64194.48
2982,6316.59
2983,12581.45
2984,5002.32
2985,5214.3
2986,4406.92
2987,11948.26
2988,3105.83
2989,54598.54
2990,10184.0
2991,43667.18
2992,8713.56
2993,6031.05
2994,6325.31
2995,3117.79
2996,5849.19
2997,59207.92
2998,75062.24
2999,49759.1
3000,4809.41
3001,6228.66
3002,58922.77
3003,48157.62
3004,2888.17
3005,5086.47
3006,6845.62
3007,5548.51
3008,24011.6
3009,4483.32
3010,5389.49
3011,5814.57
3012,5060.23
3013,24195.34
3014,4458.9
3015,50518.95
3016,2075.56
3017,60729.53
3018,13349.3
3019,17794.65
3020,15289.73
3021,63601.24
3022,7546.21
3023,14015.64
3024,6361.17
3025,51225.78
3026,4808.87
3027,6005.56
3028,8854.19
3029,64936.49
3030,56093.22
3031,54387.72
3032,6218.66
3033,12768.91
3034,54847.59
3035,10767.52
3036,5008.07
3037,37701.1
3038,29542.49
3039,5737.17
3040,5118.73
3041,5308.25
3042,11076.1
3043,6559.94
3044,12744.43
3045,5223.42
3046,46294.13
3047,58838.76
3048,10893.95
3049,13408.49
3050,42398.22
3051,47211.86
3052,7621.381666666667
3053,7345.06
3054,57199.07
3055,2243.74
3056,5869.31
3057,12683.24
3058,51251.02
3059,54928.33
3060,2174.88
3061,14039.41
3062,44064.23
3063,56012.69
3064,2958.0
3065,5875.52
3066,55739.49
3067,5997.64
3068,40889.39
3069,56526.51
3070,33252.71
3071,7036.27
3072,1899.16
3073,12269.24
3074,6035.41
3075,4548.96
3076,4054.84
3077,30337.08
3078,49798.71
3079,4677.04
3080,4159.48
3081,51316.24
3082,4014.23
3083,7771.73
3084,4905.54
3085,66120.41
3086,53960.61
3087,11627.78
3088,13857.77
3089,6769.24
3090,4633.15
3091,15152.23
3092,7941.61
3093,5365.56
3094,41314.06
3095,50334.07
3096,2487.03
3097,9923.49
3098,59457.4
3099,6051.84
3100,53307.85
3101,3220.83
3102,4910.71
3103,5220.51
3104,59309.51
3105,4138.25
3106,48837.02
3107,52872.14
3108,6381.54
3109,4391.02
3110,65580.57
3111,11699.48
3112,5167.38
3113,12727.07
3114,2867.39
3115,10922.15
3116,4461.69
3117,62258.18
3118,53738.3
3119,69277.43
3120,3031.8
3121,28251.4
3122,4652.01
3123,3443.67
3124,6320.72
3125,51409.13
3126,5578.04
3127,2314.55
3128,42315.32
3129,46282.23
3130,3760.78
3131,11304.67
3132,7291.2
3133,4720.47
3134,8538.02
3135,54333.51
3136,4678.5
3137,34975.08
3138,3003.86
3139,9016.29
3140,5247.01
3141,58933.88
3142,6291.22
3143,9016.48
3144,13576.85
3145,11492.24
3146,6179.07
3147,9697.18
3148,52367.22
3149,6463.08
3150,7710.58
3151,13596.85
3152,63224.25
3153,7192.4
3154,5966.05
3155,12036.7
3156,49873.33
3157,6999.06
3158,12887.58
3159,49511.43
3160,13572.42
3161,55714.63
3162,6657.25
3163,6709.57
3164,5296.85
3165,68658.69
3166,7474.28
3167,62665.45
3168,33422.49
3169,4066.42
3170,4508.33
3171,13294.47
3172,4001.6
3173,58262.65
3174,6812.99
3175,52654.3
3176,13745.22
3177,12372.51
3178,3238.21
3179,22781.0
3180,4591.36
3181,57485.6
3182,55909.69
3183,53204.96
3184,5403.49
3185,3905.53
3186,40925.77
3187,64518.19
3188,5241.33
3189,61875.49
3190,88754.67
3191,83971.85
3192,6168.5
3193,7204.11
3194,5987.64
3195,5933.86
3196,5682.7
3197,5034.08
3198,1858.82
3199,44459.21
3200,9578.12
3201,4658.75
3202,6652.81
3203,43887.98
3204,2816.04
3205,6462.15
3206,3181.0
3207,3390.03
3208,13288.58
3209,67760.77
3210,5702.06
3211,6002.13
3212,3841.79
3213,10058.28
3214,5671.23
3215,8339.93
3216,4449.29
3217,5321.04
3218,5922.33
3219,42772.11
3220,10277.06
3221,18330.18
3222,55547.98
3223,7993.19
3224,42348.22
3225,4534.6
3226,5855.58
3227,50243.49
3228,57606.04
3229,32978.87
3230,4460.96
3231,7250.665
3232,7052.38
3233,3257.96
3234,3303.0
3235,9140.95
3236,44499.51
3237,29679.07
3238,58780.07
3239,4535.41
3240,3909.71
3241,58513.6
3242,4996.38
3243,5207.77
3244,12388.1
3245,57587.89
3246,38855.59
3247,6058.58
3248,28614.81
3249,12908.99
3250,6893.43
3251,3247.14
3252,56246.58
3253,51087.03
3254,5492.85
3255,45326.17
3256,44374.29
3257,3765.93
3258,7234.42
3259,54514.96
3260,5530.93
3261,4789.44
3262,7372.43
3263,7075.89
3264,2434.03
3265,4857.73
3266,54056.85
3267,12319.16
3268,9067.09
3269,50612.58
3270,7047.48
3271,5393.69
3272,45333.89
3273,50049.76
3274,6836.71
3275,6548.09
3276,8760.48
3277,57205.77
3278,6487.93
3279,61871.94
3280,4933.02
3281,3833.97
3282,5308.28
3283,55300.37
3284,52019.54
3285,1611.78
3286,4609.12
3287,9636.98
3288,62475.65
3289,8383.29
3290,4445.79
3291,3770.88
3292,1668.64
3293,1518.72
3294,11641.63
3295,56077.09
3296,62689.16
3297,2415.87
3298,10444.71
3299,10623.68
3300,3963.82
3301,6132.3
3302,55485.83
3303,7905.34
3304,10967.35
3305,6225.72
3306,6861.57
3307,19328.19
3308,54982.63
3309,4476.25
3310,41040.32
3311,2196.75
3312,5278.68
3313,47435.39
3314,7179.77
3315,26111.36
3316,9914.29
3317,6111.73
3318,2144.77
3319,4911.27
3320,6559.05
3321,6634.37
3322,7666.43
3323,57839.96
3324,13217.89
3325,7579.24
3326,52209.47
3327,6636.92
3328,1619.31
3329,71779.26
3330,9839.15
3331,13546.31
3332,7466.52
3333,5464.02
3334,4062.1
3335,71880.38
3336,5683.47
3337,55756.78
3338,30457.26
3339,51871.98
3340,7031.93
3341,13966.34
3342,6140.53
3343,4628.26
3344,32054.01
3345,13873.48
3346,89163.26
3347,55275.64
3348,31145.78
3349,11592.7
3350,64217.87
3351,53886.95
3352,48376.5
3353,7217.76
3354,3804.56
3355,47035.4
3356,5219.19
3357,7297.32
3358,4409.36
3359,4796.16
3360,4841.59
3361,11638.01
3362,5780.58
3363,53783.13
3364,61555.04
3365,4571.52
3366,5487.5
3367,8986.87
3368,5514.18
3369,5727.36
3370,3379.59
3371,3302.23
3372,46483.05
3373,2352.03
3374,6440.72
3375,14872.9
3376,2396.14
3377,6029.17
3378,48906.25
3379,5403.33
3380,3914.55
3381,2710.82
3382,5237.08
3383,64336.39
3384,10331.02
3385,52755.79
3386,56947.66
3387,68529.6
3388,3904.44
3389,2464.94
3390,8587.29
3391,2229.34
3392,6182.43
3393,7335.58
3394,5098.28
3395,6585.73
3396,4704.91
3397,6945.26
3398,4972.83
3399,66988.31
3400,9507.83
3401,4721.36
3402,56885.69
3403,2531.23
3404,53291.41
3405,58484.89
3406,5307.08
3407,5580.89
3408,13239.73
3409,3795.33
3410,7263.64
3411,4661.83
3412,6971.54
3413,61664.69
3414,49942.15
3415,7039.83
3416,9034.42
3417,51631.01
3418,57257.59
3419,49794.92
3420,3519.51
3421,47086.71
3422,13438.73
3423,54487.01
3424,6839.34
3425,48624.62
3426,62804.17
3427,45269.16
3428,3092.0
3429,10009.26
3430,5889.92
3431,7817.37
3432,67736.21
3433,11327.89
3434,2724.36
3435,11179.59
3436,4698.62
3437,6269.31
3438,8747.56
3439,4572.43
3440,44151.05
3441,6028.55
3442,45312.35
3443,13952.24
3444,64923.22
3445,47015.84
3446,64169.05
3447,8434.83
3448,4458.53
3449,9806.68
3450,6364.51
3451,6594.77
3452,5577.34
3453,11048.17
3454,4786.61
3455,5140.3
3456,5565.05
3457,7309.97
3458,7672.35
3459,45150.65
3460,5514.12
3461,51775.2
3462,7090.02
3463,73012.69
3464,9639.63
3465,4931.59
3466,5261.06
3467,14534.2
3468,4337.19
3469,63552.25
3470,50539.78
3471,5807.66
3472,4092.35
3473,9496.92
3474,12606.16
3475,57973.1
3476,56558.44
3477,9055.34
3478,4031.42
3479,47156.79
3480,60387.49
3481,5861.96
3482,49673.96
3483,55970.28
3484,6816.06
3485,33539.32
3486,55634.74
3487,51629.7
3488,5609.39
3489,56152.96
3490,55686.18
3491,48888.69
3492,4770.9
3493,61136.26
3494,6008.81
3495,4571.56
3496,61265.11
3497,7100.86
3498,7363.13
3499,3207.67
3500,2377.94
3501,5342.76
3502,60788.5
3503,4454.19
3504,51204.99
3505,45507.95
3506,3882.95
3507,10267.68
3508,40432.41
3509,2907.66
3510,6961.44
3511,48300.82
3512,4454.76
3513,4274.88
3514,56341.51
3515,4336.46
3516,2595.31
3517,7888.68
3518,2725.92
3519,8806.23
3520,8633.33
3521,3737.36
3522,54203.59
3523,5919.31
3524,4476.58
3525,5176.09
3526,62097.19
3527,5729.12
3528,35691.6
3529,4682.27
3530,3815.15
3531,5593.32
3532,6252.25
3533,43495.62
3534,5312.27
3535,57697.47
3536,53064.91
3537,63404.85
3538,9221.59
3539,4962.12
3540,4842.88
3541,47748.7
3542,6771.26
3543,6203.05
3544,54573.68
3545,54313.19
3546,12949.82
3547,4908.33
3548,46772.59
3549,15032.98
3550,55370.71
3551,55877.68
3552,7968.77
3553,55289.13
3554,48617.01
3555,4491.68
3556,7533.43
3557,6922.28
3558,5509.41
3559,4005.17
3560,20760.24
3561,8678.04
3562,41791.17
3563,11729.08
3564,9601.32
3565,61694.26
3566,6067.75
3567,12103.98
3568,2328.59
3569,4653.66
3570,59582.66
3571,3035.12
3572,49675.69
3573,2233.17
3574,8412.9
3575,11187.68
3576,6764.87
3577,7417.86
3578,4367.58
3579,3064.85
3580,56248.47
3581,41267.45
3582,55750.68
3583,67475.17
3584,65532.99
3585,50651.93
3586,3182.21
3587,7661.83
3588,13496.94
3589,11170.11
3590,5679.77
3591,5539.91
3592,10269.44
3593,38593.24
3594,6428.74
3595,58003.11
3596,56016.5
3597,55183.4
3598,7826.83
3599,58655.82
3600,4498.79
3601,11230.61
3602,49579.79
3603,45940.3
3604,2249.14
3605,10644.43
3606,48816.8
3607,2479.71
3608,34118.94
3609,45207.65
3610,7355.011666666667
3611,6204.03
3612,56216.11
3613,7512.86
3614,5211.43
3615,4715.49
3616,9641.35
3617,6464.92
3618,63000.51
3619,2297.32
3620,10800.35
3621,9667.01
3622,51463.07
3623,51254.14
3624,25533.14
3625,2428.1
3626,4152.91
3627,5524.57
3628,6388.04
3629,2748.49
3630,6558.26
3631,61226.26
3632,6375.29
3633,54646.57
3634,4180.78
3635,5214.04
3636,54319.11
3637,59919.22
3638,8694.305
3639,8879.49
3640,6386.45
3641,10502.42
3642,54692.3
3643,6859.16
3644,6235.95
3645,4925.37
3646,16057.3
3647,5607.66
3648,60241.8
3649,11139.79
3650,5678.58
3651,7399.76
3652,5827.22
3653,5704.73
3654,11405.07
3655,50031.1
3656,4520.39
3657,6464.22
3658,1689.05
3659,5096.71
3660,2398.5
3661,43922.61
3662,46539.92
3663,6254.25
3664,57572.71
3665,9629.373333333333
3666,6022.24
3667,57299.03
3668,4601.99
3669,66521.38
3670,5866.28
3671,65566.39
3672,56971.54
3673,1931.01
3674,6512.88
3675,6300.05
3676,6442.22
3677,7429.74
3678,5086.99
3679,5975.1
3680,45185.37
3681,6900.02
3682,4328.26
3683,61266.96
3684,11908.72
3685,6511.03
3686,8172.13
3687,50087.06
3688,6727.8
3689,5418.95
3690,56431.22
3691,4501.45
3692,65897.73
3693,57657.33
3694,3865.64
3695,67159.15
3696,5246.23
3697,6559.84
3698,4349.9
3699,8379.23
3700,5254.73
3701,6065.71
3702,49673.96
3703,6356.53
3704,18483.5
3705,15692.99
3706,4168.58
3707,7091.46
3708,5498.98
3709,7905.61
3710,2302.58
3711,4073.03
3712,11438.57
3713,6335.71
3714,6234.52
3715,4683.98
3716,6304.17
3717,7298.23
3718,51414.53
3719,60388.74
3720,3310.34
3721,5294.91
3722,18400.48
3723,5079.13
3724,5823.81
3725,59334.54
3726,59916.43
3727,2408.6
3728,10865.02
3729,4384.0
3730,62653.42
3731,4892.53
3732,59428.73
3733,5439.36
3734,13207.09
3735,7283.26
3736,50304.08
3737,3189.74
3738,63600.76
3739,6236.98
3740,5448.57
3741,12377.74
3742,64663.12
3743,42487.88
3744,30212.7
3745,43863.67
3746,55370.07
3747,67601.16
3748,49995.7
3749,5615.16
3750,3813.03
3751,52050.36
3752,50135.42
3753,5205.32
3754,6137.04
3755,44871.34
3756,3498.48
3757,13086.78
3758,48281.03
3759,13347.92
3760,6186.4
3761,5479.81
3762,12245.96
3763,6114.52
3764,9138.63
3765,48775.73
3766,4668.69
3767,2498.61
3768,22634.9
3769,55707.84
3770,4835.38
3771,6410.05
3772,7698.24
3773,5036.96
3774,6846.91
3775,61186.76
3776,6633.62
3777,6394.27
3778,7353.15
3779,12995.35
3780,6324.14
3781,11035.69
3782,51356.37
3783,68677.48
3784,5579.23
3785,4327.06
3786,3947.64
3787,12151.68
3788,5430.24
3789,6121.58
3790,4918.27
3791,3964.26
3792,51062.18
3793,6018.94
3794,7608.381666666667
3795,5847.43
3796,12224.21
3797,51629.47
3798,61725.38
3799,67634.92
3800,49285.91
3801,6566.0
3802,5371.88
3803,51563.9
3804,7340.66
3805,53269.38
3806,13217.81
3807,57493.56
3808,45858.61
3809,5155.34
3810,8375.35
3811,3843.63
3812,4814.98
3813,47609.43
3814,38633.54
3815,3420.22
3816,61476.29
3817,2799.69
3818,50199.67
3819,4794.53
3820,42966.11
3821,9440.13
3822,4515.9
3823,7935.428000000001
3824,57017.85
3825,6313.7
3826,5704.7
3827,1608.09
3828,7284.33
3829,16424.55
3830,44859.33
3831,6340.16
3832,6113.23
3833,5059.22
3834,2357.86
3835,54518.56
3836,11386.65
3837,6705.51
3838,5284.72
3839,79013.59
3840,2704.07
3841,46188.99
3842,18296.48
3843,4945.53
3844,7126.47
3845,52943.37
3846,8333.9
3847,62778.93
3848,12560.23
3849,6774.25
3850,56153.2
3851,12021.49
3852,3923.41
3853,4740.01
3854,64088.2
3855,57418.5
3856,50134.49
3857,2599.13
3858,4921.76
3859,8800.79
3860,10809.48
3861,4792.57
3862,5245.59
3863,5744.9
3864,57474.92
3865,46198.14
3866,51083.7
3867,30847.26
3868,3128.67
3869,62597.57
3870,70264.6
3871,7343.03
3872,4731.32
3873,57896.15
3874,54242.85
3875,6044.6
3876,2355.63
3877,51618.24
3878,2943.35
3879,7542.18
3880,4003.32
3881,56340.87
3882,5416.46
3883,9881.6
3884,3841.28
3885,11147.26
3886,6279.76
3887,4015.8
3888,3707.3
3889,72753.51
3890,5127.38
3891,13138.15
3892,6316.4
3893,21308.88
3894,66307.33
3895,5721.29
3896,52757.8
3897,6417.25
3898,15028.26
3899,42531.22
3900,6016.57
3901,8414.36
3902,4460.38
3903,2502.34
3904,1697.25
3905,11224.78
3906,13045.82
3907,6228.57
3908,6513.32
3909,6335.08
3910,53876.67
3911,10914.64
3912,6706.39
3913,5279.03
3914,6985.92
3915,5120.04
3916,2885.43
3917,7265.59
3918,6798.48
3919,4465.97
3920,39786.42
3921,47939.83
3922,2412.0
3923,2222.02
3924,4774.17
3925,5367.38
3926,50986.82
3927,5851.77
3928,13410.08
3929,5152.95
3930,6489.65
3931,3708.16
3932,2786.96
3933,5889.88
3934,6083.4
3935,65628.5
3936,10065.05
3937,5333.93
3938,3222.69
3939,6986.3875
3940,57296.37
3941,6800.11
3942,4363.55
3943,56653.63
3944,12928.36
3945,1457.24
3946,11094.12
3947,3315.85
3948,42457.0
3949,7282.24
3950,47936.49
3951,4474.48
3952,5292.06
3953,5662.29
3954,50598.2
3955,10847.11
3956,2517.16
3957,12020.03
3958,15323.0
3959,6191.82
3960,5348.87
3961,5830.12
3962,62517.08
3963,28293.92
3964,6388.91
3965,4987.14
3966,49988.79
3967,63352.91
3968,5234.97
3969,11441.76
3970,13486.71
3971,54746.0
3972,4479.58
3973,6384.81
3974,58342.73
3975,43638.27
3976,5906.34
3977,48444.67
3978,3373.6
3979,6045.32
3980,6198.08
3981,2287.05
3982,48426.81
3983,5267.84
3984,15014.7
3985,60185.83
3986,12002.21
3987,5061.6
3988,5690.12
3989,6611.49
3990,10736.94
3991,3042.51
3992,53766.98
3993,25170.48
3994,5497.72
3995,6241.8
3996,5546.56
3997,4750.56
3998,3358.22
3999,4984.1
4000,6472.5
4001,20937.48
4002,4788.27
4003,7844.44
4004,12746.19
4005,3611.35
4006,10790.7
4007,12354.55
4008,6222.84
4009,53624.44
4010,3146.63
4011,6478.34
4012,6293.3
4013,6314.59
4014,24951.86
4015,48838.65
4016,5056.79
4017,5092.07
4018,5923.21
4019,5674.34
4020,5381.2
4021,4917.59
4022,67542.45
4023,56380.04
4024,59628.42
4025,6844.37
4026,3023.03
4027,10087.58
4028,9307.21
4029,7720.6
4030,12113.73
4031,76373.67
4032,55775.88
4033,12635.63
4034,7742.06
4035,32108.86
4036,4286.03
4037,12819.58
4038,4057.26
4039,4386.88
4040,13096.35
4041,2695.48
4042,8776.22
4043,6671.93
4044,2120.6
4045,10326.21
4046,53544.42
4047,49914.89
4048,14742.82
4049,6822.72
4050,59438.11
4051,10393.7
4052,8084.966666666667
4053,60460.83
4054,4455.96
4055,5771.29
4056,4710.37
4057,6480.17
4058,13207.77
4059,43701.66
4060,6430.89
4061,6544.02
4062,8430.21
4063,4654.65
4064,6471.91
4065,66587.11
4066,10720.12
4067,2918.65
4068,9982.37
4069,7364.51
4070,2626.75
4071,5264.89
4072,2247.28
4073,5381.68
4074,53301.04
4075,3591.3
4076,55459.27
4077,61740.55
4078,4271.12
4079,11963.64
4080,55949.44
4081,5602.48
4082,39779.51
4083,6198.21
4084,9524.58
4085,5186.49
4086,5889.09
4087,3501.55
4088,61613.34
4089,6064.39
4090,4783.97
4091,68009.98
4092,13288.39
4093,5377.67
4094,2201.98
4095,5924.69
4096,22815.92
4097,11925.24
4098,63812.42
4099,7062.71
4100,58882.33
4101,13178.7
4102,63029.51
4103,3965.29
4104,49604.41
4105,13314.26
4106,3163.36
4107,35694.81
4108,3989.18
4109,63966.56
4110,5023.82
4111,3447.45
4112,2553.19
4113,67740.94
4114,5685.96
4115,44746.58
4116,49460.71
4117,4554.02
4118,6911.59
4119,6456.9
4120,4445.0
4121,45173.99
4122,5326.58
4123,10039.84
4124,12272.19
4125,6029.51
4126,7253.14
4127,15312.09
4128,6953.28
4129,4608.08
4130,5630.47
4131,4408.88
4132,55482.64
4133,7553.72
4134,50157.21
4135,12032.17
4136,48765.37
4137,5988.41
4138,55664.86
4139,4437.0
4140,48286.47
4141,55441.79
4142,2165.72
4143,6241.16
4144,5658.32
4145,8125.89
4146,10755.62
4147,6415.27
4148,13340.62
4149,58377.02
4150,9533.486666666666
4151,4704.02
4152,51196.76
4153,14176.43
4154,2079.18
4155,25517.02
4156,4754.02
4157,7122.56
4158,4866.1
4159,1865.94
4160,4520.64
4161,66039.06
4162,4338.27
4163,7030.16
4164,6748.43
4165,58001.47
4166,47088.2
4167,5134.96
4168,34741.09
4169,52542.82
4170,6489.82
4171,3162.36
4172,39564.93
4173,3152.3
4174,4439.76
4175,52089.33
4176,5557.17
4177,32932.04
4178,49055.53
4179,6548.24
4180,4721.04
4181,46723.09
4182,46269.48
4183,54654.06
4184,5527.13
4185,50055.45
4186,8649.93
4187,5648.99
4188,10157.21
4189,13214.45
4190,6119.78
4191,10770.44
4192,8602.3
4193,5815.05
4194,3906.23
4195,4716.71
4196,6242.29
4197,6880.59
4198,30455.78
4199,14603.36
4200,66408.23
4201,9653.4
4202,17910.8
4203,3760.12
4204,4973.74
4205,14999.08
4206,61410.63
4207,54191.94
4208,48835.54
4209,60035.94
4210,9292.505
4211,2321.93
4212,6902.45
4213,5366.23
4214,7852.25
4215,49968.07
4216,6649.49
4217,6950.74
4218,36317.36
4219,5876.56
4220,7335.78
4221,17086.65
4222,3139.49
4223,2644.07
4224,41055.22
4225,9274.8
4226,5575.24
4227,3032.22
4228,63559.77
4229,18362.22
4230,46795.34
4231,3386.78
4232,61605.71
4233,5469.47
4234,50724.73
4235,62152.33
4236,54910.37
4237,6775.58
4238,7581.16
4239,5705.25
4240,3995.01
4241,4812.73
4242,5674.04
4243,13704.11
4244,9819.35
4245,12578.35
4246,11456.92
4247,57256.0
4248,6211.48
4249,49659.31
4250,5189.34
4251,53294.4
4252,8123.37
4253,2127.18
4254,60457.57
4255,7026.99
4256,5669.65
4257,54252.6
4258,6995.41
4259,66532.71
4260,11975.81
4261,6410.57
4262,46077.21
4263,5136.56
4264,55297.85
4265,2747.65
4266,4341.69
4267,6306.53
4268,5267.24
4269,46493.71
4270,9716.13
4271,3127.55
4272,43115.38
4273,12662.3
4274,66141.19
4275,5297.6
4276,5057.51
4277,4034.75
4278,50087.75
4279,4191.97
4280,63173.85
4281,13123.39
4282,6989.66
4283,46156.33
4284,4662.4
4285,14593.13
4286,6818.33
4287,14797.61
4288,6368.21
4289,2276.41
4290,55264.26
4291,51054.22
4292,7263.19
4293,6234.09
4294,2439.55
4295,12527.51
4296,11928.25
4297,3997.68
4298,8153.26
4299,5027.46
4300,32958.43
4301,7175.14
4302,6087.55
4303,4708.37
4304,4603.48
4305,7022.04
4306,5191.79
4307,7319.0
4308,17835.93
4309,6635.29
4310,5993.47
4311,13537.05
4312,31237.29
4313,36864.95
4314,44249.63
4315,5700.93
4316,45847.24
4317,45910.25
4318,7189.56
4319,12078.67
4320,5894.69
4321,5757.97
4322,6300.65
4323,54243.36
4324,58936.34
4325,19389.57
4326,6497.24
4327,3304.29
4328,7144.54
4329,5376.27
4330,5835.5
4331,53158.33
4332,60186.01
4333,6443.32
4334,6467.07
4335,2661.4
4336,5789.3
4337,8671.38
4338,5503.35
4339,4535.38
4340,54622.98
4341,9156.31
4342,49189.93
4343,3478.4
4344,52772.74
4345,48554.76
4346,7722.13
4347,7644.23
4348,14666.37
4349,5427.62
4350,5850.79
4351,59736.72
4352,7316.42
4353,52524.59
4354,4116.21
4355,5875.82
4356,5522.94
4357,48998.51
4358,47683.87
4359,5261.4
4360,4927.95
4361,5471.89
4362,5640.7
4363,5940.89
4364,5368.71
4365,11533.03
4366,6137.22
4367,2997.46
4368,48862.2
4369,11928.22
4370,5734.39
4371,4329.99
4372,56982.21
4373,17453.04
4374,4308.12
4375,5129.91
4376,3819.99
4377,42564.65
4378,5716.14
4379,6184.94
4380,4436.54
4381,17170.71
4382,49176.36
4383,50062.1
4384,4994.96
4385,23090.0
4386,10229.52
4387,6138.68
4388,50294.48
4389,15128.42
4390,58083.93
4391,3065.1
4392,11587.98
4393,7637.76
4394,57601.57
4395,3223.67
4396,60908.4
4397,6361.24
4398,68027.54
4399,50427.12
4400,5673.06
4401,10623.23
4402,6496.34
4403,6420.66
4404,1638.85
4405,16404.08
4406,6581.7
4407,28837.96
4408,4961.16
4409,11593.79
4410,2842.55
4411,4451.14
4412,58361.72
4413,4377.92
4414,12871.96
4415,55435.08
4416,3787.89
4417,25670.81
4418,12930.12
4419,7416.34
4420,55056.7
4421,6882.55
4422,64816.81
4423,56239.96
4424,2657.66
4425,47228.96
4426,8641.46
4427,4582.48
4428,2592.44
4429,2815.84
4430,12396.82
4431,4216.48
4432,6813.22
4433,4881.79
4434,4572.0
4435,2262.2
4436,5471.32
4437,5209.04
4438,5302.45
4439,3223.44
4440,8025.5
4441,2415.84
4442,7740.32
4443,6524.8
4444,2464.91
4445,5861.9
4446,74110.66
4447,1681.74
4448,2760.49
4449,6123.85
4450,6988.08
4451,29067.48
4452,4812.21
4453,6548.51
4454,57687.34
4455,66912.22
4456,10285.2
4457,12210.36
4458,8544.47
4459,61617.38
4460,50851.33
4461,5541.52
4462,78997.06
4463,55121.16
4464,6155.57
4465,4396.03
4466,4487.86
4467,5742.6
4468,54241.31
4469,7075.29
4470,62032.58
4471,5070.56
4472,5674.97
4473,10133.96
4474,6671.53
4475,11421.09
4476,8474.56
4477,2577.1
4478,4946.9
4479,47894.78
4480,5180.91
4481,8851.0
4482,51045.68
4483,52623.12
4484,47230.68
4485,6947.04
4486,4090.86
4487,13297.48
4488,57027.62
4489,4603.04
4490,16116.28
4491,3069.39
4492,63354.09
4493,53619.45
4494,50617.89
4495,11190.76
4496,6922.17
4497,11181.32
4498,4456.58
4499,26320.16
4500,17368.12
4501,2318.96
